{"cameraMode":{"drawMode":0,"name":"Shaded","section":"Shading Mode"},"sceneLighting":false,"audioPlay":false,"sceneViewState":{"m_AlwaysRefresh":false,"showFog":true,"showSkybox":false,"showFlares":true,"showImageEffects":true,"showParticleSystems":true,"showVisualEffectGraphs":true,"m_FxEnabled":true},"in2DMode":false,"pivot":{"x":0.6499999761581421,"y":0.24000000953674317,"z":11.640000343322754},"rotation":{"x":0.27043452858924868,"y":-0.06578586995601654,"z":0.01853141002357006,"w":0.9603170156478882},"size":1.85224187374115,"orthographic":false}