{"cameraMode":{"drawMode":0,"name":"Shaded","section":"Shading Mode"},"sceneLighting":false,"audioPlay":false,"sceneViewState":{"m_AlwaysRefresh":false,"showFog":true,"showSkybox":false,"showFlares":true,"showImageEffects":true,"showParticleSystems":true,"showVisualEffectGraphs":true,"m_FxEnabled":true},"in2DMode":false,"pivot":{"x":2.6600000858306886,"y":3.559999942779541,"z":-5.239999771118164},"rotation":{"x":-0.4765934944152832,"y":-0.010024233721196652,"z":0.005435038823634386,"w":-0.8790522813796997},"size":3.9033446311950685,"orthographic":false}